Rk,Date,Opp,GS,MP,FG,FGA,FG%,3P,3PA,3P%,FTA,FT%,AST,PF,PTS,GmSc,+/-
1,10/19/22,DAL,1,40:37:00,10.0,20.0,0.5,1.0,1.0,1.0,7.0,1.0,9.0,3.0,28.0,23.4,20.0
2,10/21/22,POR,1,43:55:00,11.0,23.0,0.478,3.0,7.0,0.429,9.0,0.889,3.0,1.0,33.0,23.1,-2.0
3,10/23/22,LAC,1,34:49:00,13.0,21.0,0.619,5.0,9.0,0.556,4.0,1.0,4.0,1.0,35.0,26.6,13.0
4,10/25/22,GSW,1,35:19:00,10.0,19.0,0.526,3.0,8.0,0.375,14.0,0.786,7.0,3.0,34.0,28.2,32.0
5,10/28/22,NOP,1,32:36:00,6.0,14.0,0.429,0.0,4.0,0.0,4.0,1.0,4.0,1.0,16.0,7.5,4.0
6,10/30/22,HOU,1,35:23:00,14.0,24.0,0.583,1.0,7.0,0.143,3.0,0.333,6.0,2.0,30.0,22.7,11.0
7,11/1/22,MIN,1,30:26:00,6.0,18.0,0.333,2.0,7.0,0.286,5.0,0.8,5.0,5.0,18.0,10.1,11.0
8,11/4/22,POR,1,38:22:00,8.0,21.0,0.381,3.0,7.0,0.429,6.0,1.0,5.0,3.0,25.0,14.0,3.0
9,11/5/22,POR,1,29:10:00,9.0,20.0,0.45,2.0,7.0,0.286,4.0,1.0,3.0,2.0,24.0,17.6,19.0
10,11/7/22,PHI,1,43:24:00,8.0,16.0,0.5,1.0,1.0,1.0,14.0,0.786,5.0,2.0,28.0,19.4,-9.0
11,11/9/22,MIN,1,38:10:00,12.0,23.0,0.522,5.0,7.0,0.714,3.0,1.0,10.0,2.0,32.0,29.1,26.0
12,11/11/22,ORL,1,34:28:00,6.0,19.0,0.316,2.0,8.0,0.25,3.0,1.0,6.0,2.0,17.0,12.1,-27.0
13,11/14/22,MIA,1,41:34:00,11.0,22.0,0.5,2.0,7.0,0.286,2.0,0.5,5.0,5.0,25.0,20.0,-7.0
14,11/16/22,GSW,1,36:38:00,8.0,17.0,0.471,2.0,5.0,0.4,9.0,1.0,9.0,2.0,27.0,23.5,6.0
15,11/18/22,UTA,1,41:17:00,16.0,31.0,0.516,2.0,9.0,0.222,15.0,1.0,10.0,3.0,49.0,42.3,-4.0
16,11/20/22,NYK,1,29:31:00,7.0,17.0,0.412,5.0,8.0,0.625,1.0,1.0,3.0,0.0,20.0,14.9,13.0
17,11/22/22,LAL,1,35:27:00,10.0,24.0,0.417,2.0,6.0,0.333,3.0,1.0,5.0,6.0,25.0,10.9,4.0
18,11/25/22,DET,1,35:42:00,8.0,17.0,0.471,2.0,7.0,0.286,7.0,0.429,5.0,2.0,21.0,15.2,10.0
19,11/26/22,UTA,1,39:21:00,8.0,27.0,0.296,1.0,7.0,0.143,11.0,0.909,7.0,3.0,27.0,17.5,-4.0
20,11/28/22,SAC,1,40:39:00,17.0,28.0,0.607,1.0,6.0,0.167,9.0,1.0,4.0,4.0,44.0,34.8,14.0
21,11/30/22,CHI,1,30:40:00,20.0,25.0,0.8,6.0,7.0,0.857,6.0,0.833,6.0,3.0,51.0,44.3,23.0
22,12/2/22,HOU,1,33:52:00,15.0,25.0,0.6,4.0,6.0,0.667,10.0,0.7,8.0,3.0,41.0,30.9,8.0
23,12/4/22,SAS,1,27:48:00,7.0,16.0,0.438,1.0,3.0,0.333,5.0,1.0,8.0,2.0,20.0,14.4,26.0
24,12/5/22,DAL,1,30:20:00,4.0,13.0,0.308,1.0,2.0,0.5,2.0,1.0,5.0,4.0,11.0,5.0,-18.0
25,12/7/22,BOS,1,24:37:00,6.0,17.0,0.353,1.0,6.0,0.167,4.0,1.0,3.0,5.0,17.0,8.2,-40.0
26,12/9/22,NOP,1,36:00:00,5.0,17.0,0.294,2.0,8.0,0.25,4.0,0.5,7.0,4.0,14.0,5.2,-18.0
29,12/15/22,LAC,1,34:53:00,6.0,22.0,0.273,1.0,9.0,0.111,1.0,1.0,4.0,1.0,14.0,4.0,4.0
30,12/17/22,NOP,1,42:27:00,21.0,35.0,0.6,6.0,12.0,0.5,15.0,0.667,5.0,3.0,58.0,42.4,11.0
56,2/7/23,BRK,1,25:35:00,6.0,15.0,0.4,2.0,8.0,0.25,7.0,0.714,6.0,5.0,19.0,11.5,-3.0
58,2/10/23,IND,1,26:14:00,7.0,18.0,0.389,3.0,9.0,0.333,4.0,1.0,5.0,4.0,21.0,11.3,11.0
60,2/16/23,LAC,1,34:41:00,6.0,16.0,0.375,1.0,6.0,0.167,7.0,0.857,9.0,5.0,19.0,10.7,-3.0
61,2/24/23,OKC,1,36:00:00,9.0,21.0,0.429,1.0,7.0,0.143,6.0,1.0,8.0,1.0,25.0,18.7,-6.0
62,2/26/23,MIL,1,38:18:00,9.0,21.0,0.429,1.0,5.0,0.2,9.0,0.556,8.0,2.0,24.0,13.7,-1.0
63,3/1/23,CHO,1,33:10:00,15.0,26.0,0.577,3.0,7.0,0.429,6.0,0.667,7.0,1.0,37.0,31.5,9.0
64,3/3/23,CHI,1,35:51:00,12.0,24.0,0.5,6.0,10.0,0.6,6.0,0.833,6.0,3.0,35.0,29.6,23.0
65,3/5/23,DAL,1,39:57:00,15.0,25.0,0.6,1.0,3.0,0.333,6.0,0.833,10.0,4.0,36.0,31.8,17.0
66,3/8/23,OKC,1,27:31:00,17.0,23.0,0.739,6.0,10.0,0.6,5.0,0.8,4.0,4.0,44.0,34.1,33.0
67,3/11/23,SAC,1,38:30:00,11.0,19.0,0.579,2.0,6.0,0.333,4.0,1.0,8.0,5.0,28.0,24.0,-5.0
68,3/13/23,GSW,1,35:15:00,12.0,20.0,0.6,0.0,2.0,0.0,10.0,0.8,1.0,4.0,32.0,23.1,-14.0
69,3/14/23,MIL,1,43:08:00,13.0,27.0,0.481,1.0,3.0,0.333,3.0,1.0,3.0,4.0,30.0,15.4,-7.0
70,3/16/23,ORL,1,36:19:00,7.0,17.0,0.412,2.0,5.0,0.4,3.0,1.0,2.0,3.0,19.0,8.4,6.0
71,3/19/23,OKC,1,36:22:00,18.0,28.0,0.643,3.0,7.0,0.429,8.0,0.875,1.0,5.0,46.0,30.8,-5.0
72,3/22/23,LAL,1,40:33:00,11.0,16.0,0.688,1.0,3.0,0.333,12.0,0.833,5.0,4.0,33.0,22.1,0.0
73,3/24/23,SAC,1,33:10:00,10.0,16.0,0.625,0.0,1.0,0.0,14.0,0.857,5.0,4.0,32.0,26.7,-13.0
74,3/25/23,PHI,1,31:39:00,9.0,18.0,0.5,2.0,4.0,0.5,9.0,1.0,5.0,2.0,29.0,20.3,8.0
75,3/27/23,UTA,1,33:31:00,7.0,19.0,0.368,2.0,6.0,0.333,8.0,1.0,5.0,3.0,24.0,18.2,10.0
76,3/29/23,MIN,1,36:21:00,8.0,18.0,0.444,1.0,4.0,0.25,15.0,0.8,5.0,4.0,29.0,22.6,12.0
78,4/2/23,OKC,1,36:57:00,8.0,14.0,0.571,1.0,5.0,0.2,5.0,1.0,10.0,4.0,22.0,18.7,5.0
79,4/4/23,SAS,1,32:53:00,9.0,21.0,0.429,2.0,10.0,0.2,8.0,0.875,3.0,2.0,27.0,19.9,5.0
80,4/6/23,DEN,1,37:28:00,3.0,12.0,0.25,1.0,5.0,0.2,8.0,1.0,8.0,3.0,15.0,10.5,10.0
1,2021-10-20,DEN,1,29:57,3,15,.200,2,7,.286,4,1.000,4,3,12,3.9,-24
2,2021-10-22,LAL,1,33:34,9,19,.474,2,6,.333,2,1.000,4,3,22,11.8,+8
3,2021-10-23,POR,1,28:11,9,19,.474,2,5,.400,2,.500,4,1,21,16.9,-15
4,2021-10-27,SAC,1,36:32,12,28,.429,2,6,.333,6,.833,8,4,31,23.8,+4
5,2021-10-30,CLE,1,35:19,9,20,.450,0,4,.000,10,.900,9,1,27,19.7,+8
6,2021-11-02,NOP,1,33:45,7,20,.350,2,8,.250,2,1.000,3,2,18,6.6,+8
7,2021-11-04,HOU,1,34:08,8,18,.444,4,8,.500,8,.875,5,3,27,22.3,+10
8,2021-11-06,ATL,1,34:06,14,21,.667,5,9,.556,7,.714,4,4,38,30.2,+3
9,2021-11-08,SAC,1,32:22,8,17,.471,2,5,.400,2,.000,6,4,18,11.2,+22
11,2021-11-12,MEM,1,25:36,7,17,.412,1,5,.200,2,1.000,7,2,17,10.9,+31
12,2021-11-14,HOU,1,31:33,9,23,.391,3,7,.429,5,1.000,6,0,26,21.2,+12
13,2021-11-15,MIN,1,34:26,7,16,.438,2,4,.500,15,.867,5,5,29,24.6,+8
14,2021-11-17,DAL,1,35:00,11,21,.524,2,4,.500,1,.000,0,1,24,14.6,+8
15,2021-11-19,DAL,1,30:34,7,20,.350,3,8,.375,2,1.000,1,2,19,5.1,-7
16,2021-11-21,DEN,1,27:54,7,12,.583,2,5,.400,1,1.000,7,1,17,17.1,+13
17,2021-11-22,SAS,1,34:15,7,17,.412,4,7,.571,6,.833,4,3,23,12.4,+1
18,2021-11-24,CLE,1,38:42,14,21,.667,2,3,.667,6,.833,3,2,35,25.4,-2
20,2021-11-27,BRK,1,31:46,9,18,.500,4,6,.667,8,1.000,4,5,30,20.1,+7
21,2021-11-30,GSW,1,15:27,4,9,.444,0,2,.000,2,1.000,1,1,10,5.6,-5
30,2021-12-21,LAL,1,31:35,8,16,.500,6,11,.545,2,1.000,7,2,24,19.2,+14
31,2021-12-23,OKC,1,35:08,12,23,.522,4,7,.571,2,1.000,7,3,30,26.0,+19
32,2021-12-25,GSW,1,40:21,5,19,.263,1,5,.200,2,1.000,3,3,13,3.9,-8
33,2021-12-27,MEM,1,37:03,10,20,.500,3,6,.500,9,.778,4,0,30,23.0,-8
34,2021-12-29,OKC,1,35:44,12,24,.500,6,12,.500,10,.800,5,1,38,31.2,+18
35,2021-12-31,BOS,1,37:31,7,26,.269,1,5,.200,7,1.000,4,2,22,10.4,-16
36,2022-01-02,CHO,1,28:57,9,19,.474,3,9,.333,3,1.000,3,4,24,13.9,+26
37,2022-01-04,NOP,1,32:04,12,24,.500,3,6,.500,6,1.000,4,4,33,23.3,+15
38,2022-01-06,LAC,1,33:28,5,22,.227,0,7,.000,2,.500,4,2,11,1.4,-6
39,2022-01-08,MIA,1,33:21,5,15,.333,3,5,.600,13,1.000,3,4,26,16.2,-22
40,2022-01-11,TOR,1,36:08,4,13,.308,2,7,.286,8,.750,3,6,16,7.3,-1
41,2022-01-14,IND,1,35:16,11,25,.440,6,13,.462,8,.875,3,2,35,23.5,+7
42,2022-01-16,DET,1,29:35,11,18,.611,1,5,.200,10,.700,4,1,30,23.6,+20
43,2022-01-17,SAS,1,34:51,18,33,.545,5,13,.385,8,.875,6,2,48,39.6,+3
44,2022-01-20,DAL,1,38:18,11,25,.440,1,8,.125,5,1.000,6,2,28,17.8,+5
45,2022-01-22,IND,1,38:52,5,23,.217,0,6,.000,1,1.000,3,4,11,0.3,+5
46,2022-01-24,UTA,1,38:08,14,35,.400,3,13,.231,3,.667,3,4,33,17.5,-3
47,2022-01-26,UTA,1,39:34,16,28,.571,2,6,.333,11,.818,4,2,43,33.0,+18
48,2022-01-28,MIN,1,37:40,10,26,.385,4,10,.400,6,.833,9,2,29,20.8,+17
50,2022-02-01,BRK,1,40:53,13,23,.565,3,8,.375,7,.857,2,2,35,25.5,+15
51,2022-02-03,ATL,1,38:26,13,27,.481,1,8,.125,7,.714,3,4,32,17.0,-6
53,2022-02-07,CHI,1,37:40,14,23,.609,5,10,.500,6,.833,5,2,38,31.0,+7
54,2022-02-08,PHI,1,37:17,11,23,.478,3,8,.375,11,.909,3,3,35,26.0,+13
55,2022-02-10,MIL,1,34:18,6,19,.316,2,8,.250,3,1.000,7,4,17,10.0,+11
56,2022-02-12,ORL,1,29:23,10,24,.417,3,9,.333,3,1.000,5,0,26,19.3,+13
57,2022-02-15,LAC,1,36:28,11,19,.579,3,6,.500,2,.500,4,3,26,19.7,+9
58,2022-02-16,HOU,1,43:13,7,22,.318,1,5,.200,9,1.000,8,3,24,18.1,-1
59,2022-02-24,OKC,1,38:11,9,16,.563,1,4,.250,6,1.000,12,1,25,28.9,+26
60,2022-02-25,NOP,1,36:59,10,24,.417,2,8,.250,8,1.000,5,3,30,18.8,-21
61,2022-02-27,UTA,1,39:41,12,24,.500,4,8,.500,4,.500,7,2,30,22.4,-6
66,2022-03-09,MIA,1,33:20,7,12,.583,4,7,.571,5,1.000,9,3,23,26.7,+31
67,2022-03-11,TOR,1,36:31,9,18,.500,3,7,.429,2,.500,7,3,22,15.9,-21
68,2022-03-13,LAL,1,31:59,12,25,.480,4,10,.400,2,1.000,10,4,30,25.3,+38
69,2022-03-15,NOP,1,29:57,11,20,.550,4,9,.444,1,1.000,8,2,27,23.7,+9
70,2022-03-16,HOU,1,36:27,15,24,.625,5,12,.417,1,1.000,4,2,36,26.1,+12
71,2022-03-18,CHI,1,32:12,10,18,.556,1,3,.333,7,1.000,3,3,28,18.9,+27
72,2022-03-20,SAC,1,37:22,11,21,.524,2,5,.400,7,1.000,5,6,31,21.9,+3
73,2022-03-23,MIN,1,35:13,7,15,.467,1,4,.250,16,.813,7,2,28,23.1,+4
74,2022-03-24,DEN,1,38:56,16,25,.640,2,5,.400,17,.882,10,3,49,45.8,+16
75,2022-03-27,PHI,1,34:56,13,22,.591,3,5,.600,8,.750,2,3,35,22.2,+7
76,2022-03-30,GSW,1,37:26,5,21,.238,2,8,.250,12,.833,2,4,22,9.8,+3
77,2022-04-01,MEM,1,37:15,17,28,.607,3,6,.500,5,.800,4,5,41,26.8,-5
79,2022-04-05,LAL,1,29:42,12,22,.545,6,9,.667,2,1.000,4,2,32,25.9,+14
81,2022-04-08,UTA,1,37:45,13,26,.500,2,5,.400,5,1.000,3,4,33,20.7,+11
1,2020-12-23,DAL,1,34:07,8,15,.533,2,6,.333,6,.667,3,4,22,9.9,+7
2,2020-12-26,SAC,1,38:15,10,21,.476,3,7,.429,3,1.000,3,5,26,10.3,+3
3,2020-12-27,SAC,1,35:17,8,19,.421,1,6,.167,4,.750,5,1,20,13.2,+16
5,2020-12-31,UTA,1,35:18,10,17,.588,1,2,.500,7,.571,7,3,25,15.2,-2
6,2021-01-01,DEN,1,34:55,9,17,.529,3,7,.429,2,.500,2,4,22,5.7,-13
7,2021-01-03,LAC,1,44:40,7,13,.538,1,3,.333,12,.833,8,2,25,22.6,+14
8,2021-01-06,TOR,1,34:36,6,14,.429,3,8,.375,10,.900,6,1,24,19.7,+2
9,2021-01-08,DET,1,37:55,8,18,.444,5,12,.417,4,.500,3,3,23,11.4,-17
10,2021-01-09,IND,1,36:05,9,19,.474,1,5,.200,6,1.000,7,3,25,21.9,+5
11,2021-01-11,WAS,1,32:46,11,21,.524,1,3,.333,10,1.000,0,4,33,22.7,-15
13,2021-01-20,HOU,1,34:32,10,18,.556,1,4,.250,4,.750,2,5,24,10.6,+8
14,2021-01-22,DEN,1,40:12,11,21,.524,3,9,.333,6,1.000,5,3,31,21.2,+10
19,2021-02-01,DAL,1,31:25,9,19,.474,4,8,.500,2,1.000,0,4,24,12.0,-1
20,2021-02-03,NOP,1,31:50,9,20,.450,0,4,.000,8,.875,2,1,25,13.4,-14
21,2021-02-05,DET,1,30:31,8,14,.571,3,7,.429,6,.667,2,5,23,13.6,+7
22,2021-02-07,BOS,1,37:43,7,16,.438,1,4,.250,3,1.000,11,2,18,17.3,+11
23,2021-02-08,CLE,1,34:38,14,27,.519,5,9,.556,4,.750,8,4,36,23.8,+8
24,2021-02-10,MIL,1,39:04,11,21,.524,1,4,.250,9,.778,3,4,30,18.6,+7
25,2021-02-13,PHI,1,33:52,14,23,.609,3,5,.600,6,.833,4,5,36,25.4,+1
26,2021-02-14,ORL,1,34:57,10,16,.625,1,3,.333,7,.857,6,2,27,24.0,+15
27,2021-02-16,BRK,1,36:28,9,20,.450,0,4,.000,4,1.000,7,4,22,14.5,-5
28,2021-02-19,NOP,1,30:47,9,18,.500,2,5,.400,3,1.000,2,4,23,12.0,+2
29,2021-02-20,MEM,1,26:09,7,13,.538,5,7,.714,4,1.000,5,1,23,17.7,+19
30,2021-02-22,POR,1,29:03,12,17,.706,2,2,1.000,8,1.000,4,0,34,30.3,+28
31,2021-02-24,CHO,1,31:03,13,24,.542,4,10,.400,4,.750,3,5,33,17.1,-4
32,2021-02-26,CHI,1,35:00,9,24,.375,0,3,.000,7,.571,5,0,22,12.7,+10
33,2021-02-28,MIN,1,34:07,15,26,.577,1,6,.167,13,.923,5,3,43,32.9,+18
34,2021-03-02,LAL,1,23:41,7,12,.583,1,3,.333,2,1.000,6,2,17,15.7,+13
35,2021-03-04,GSW,1,29:49,6,20,.300,1,5,.200,4,.750,6,2,16,7.9,+1
36,2021-03-11,POR,1,35:53,12,21,.571,3,5,.600,8,1.000,8,3,35,26.0,+3
37,2021-03-13,IND,1,36:51,9,20,.450,1,6,.167,2,.500,7,1,20,10.4,-4
38,2021-03-15,MEM,1,30:11,10,19,.526,3,8,.375,4,1.000,5,2,27,19.6,+17
39,2021-03-18,MIN,1,34:41,13,22,.591,3,8,.375,7,.857,6,4,35,23.9,-3
40,2021-03-19,MIN,1,35:45,6,18,.333,1,4,.250,4,.750,5,2,16,7.6,+18
41,2021-03-21,LAL,1,33:34,11,22,.500,1,5,.200,6,.500,4,2,26,19.7,+21
42,2021-03-23,MIA,1,27:10,10,19,.526,2,8,.250,1,1.000,3,1,23,16.9,+19
43,2021-03-24,ORL,1,32:28,9,21,.429,1,5,.200,6,1.000,7,3,25,21.1,+6
44,2021-03-26,TOR,1,33:42,6,14,.429,2,5,.400,2,1.000,2,2,16,8.0,-5
45,2021-03-28,CHO,1,41:56,10,26,.385,4,11,.364,12,.917,3,3,35,22.5,+4
46,2021-03-30,ATL,1,32:44,8,19,.421,2,7,.286,3,1.000,3,2,21,11.1,-3
47,2021-03-31,CHI,1,35:14,17,24,.708,2,5,.400,10,.900,4,3,45,34.5,+7
48,2021-04-02,OKC,1,30:00,11,20,.550,3,5,.600,7,1.000,5,3,32,25.3,+28
49,2021-04-05,HOU,1,35:34,11,20,.550,6,8,.750,9,.889,6,4,36,29.8,+15
50,2021-04-07,UTA,1,43:45,13,31,.419,0,6,.000,10,.900,3,2,35,15.6,0
51,2021-04-08,LAC,1,36:36,6,13,.462,0,2,.000,14,.857,3,4,24,18.3,-9
52,2021-04-10,WAS,1,26:29,11,24,.458,3,8,.375,2,1.000,6,2,27,21.9,+24
53,2021-04-12,HOU,1,34:09,9,18,.500,2,5,.400,4,1.000,7,3,24,15.9,+8
54,2021-04-13,MIA,1,22:32,4,16,.250,1,8,.125,3,1.000,3,4,12,-0.5,0
55,2021-04-15,SAC,1,31:14,8,19,.421,3,10,.300,4,1.000,4,2,23,14.5,+5
56,2021-04-17,SAS,1,26:54,6,18,.333,0,1,.000,4,.750,3,2,15,7.6,-4
57,2021-04-19,MIL,1,43:52,9,24,.375,1,4,.250,6,.833,7,2,24,20.5,0
58,2021-04-21,PHI,1,29:59,6,14,.429,0,3,.000,8,.875,7,2,19,14.2,-4
59,2021-04-22,BOS,1,25:33,6,13,.462,0,2,.000,4,.750,2,6,15,3.9,-14
60,2021-04-25,BRK,1,37:26,12,24,.500,4,5,.800,9,.889,1,1,36,22.5,-3
61,2021-04-26,NYK,1,40:55,14,26,.538,1,4,.250,6,.667,3,1,33,18.5,+7
62,2021-04-28,LAC,1,37:22,9,19,.474,1,6,.167,3,.667,3,1,21,12.2,+11
63,2021-04-30,UTA,1,29:11,13,19,.684,2,5,.400,3,1.000,2,3,31,23.0,+20
64,2021-05-02,OKC,1,36:26,11,22,.500,1,4,.250,10,.900,6,2,32,22.9,-3
65,2021-05-04,CLE,1,40:15,14,27,.519,1,6,.167,2,1.000,5,5,31,23.6,+12
66,2021-05-05,ATL,1,31:26,11,20,.550,1,2,.500,8,.875,5,1,30,22.0,-8
67,2021-05-07,NYK,1,35:02,3,12,.250,1,4,.250,9,1.000,3,2,16,10.3,+11
68,2021-05-09,LAL,1,35:07,5,14,.357,0,1,.000,13,.846,1,3,21,12.1,-22
69,2021-05-11,GSW,1,39:03,11,21,.524,4,9,.444,9,.889,4,3,34,23.4,-5
70,2021-05-13,POR,1,35:00,5,17,.294,0,4,.000,8,1.000,2,1,18,7.0,+2
71,2021-05-15,SAS,1,26:27,10,18,.556,3,8,.375,4,1.000,4,1,27,19.4,+32
1,2019-10-23,SAC,1,32:18,10,17,.588,2,4,.500,1,.000,10,5,22,17.3,+25
2,2019-10-25,DEN,1,41:24,6,21,.286,1,8,.125,6,.833,7,5,18,7.4,0
3,2019-10-26,LAC,1,38:27,10,20,.500,3,6,.500,8,.875,8,5,30,21.4,+12
4,2019-10-28,UTA,1,29:02,9,16,.563,1,3,.333,2,1.000,0,5,21,11.4,-15
5,2019-10-30,GSW,1,35:55,10,21,.476,6,10,.600,5,1.000,5,2,31,22.2,+20
6,2019-11-02,MEM,1,31:28,8,13,.615,3,3,1.000,2,1.000,2,3,21,10.6,+9
7,2019-11-04,PHI,1,32:05,15,19,.789,3,4,.750,7,1.000,3,5,40,31.7,+3
8,2019-11-07,MIA,1,35:33,6,13,.462,2,4,.500,8,1.000,5,3,22,13.5,0
9,2019-11-10,BRK,1,32:24,10,14,.714,4,5,.800,3,1.000,9,0,27,26.1,+40
10,2019-11-12,LAL,1,39:12,9,18,.500,0,2,.000,3,1.000,9,5,21,13.3,-5
11,2019-11-14,ATL,1,32:04,8,16,.500,3,7,.429,8,1.000,7,3,27,18.3,+3
12,2019-11-18,BOS,1,34:05,7,13,.538,2,4,.500,4,1.000,4,4,20,10.2,-9
13,2019-11-19,SAC,1,38:45,10,20,.500,3,6,.500,8,.875,8,5,30,23.1,-14
14,2019-11-21,NOP,1,37:22,7,14,.500,2,6,.333,3,1.000,7,2,19,11.6,-5
15,2019-11-23,MIN,1,38:27,12,26,.462,0,5,.000,11,1.000,9,1,35,29.0,-4
16,2019-11-24,DEN,1,33:09,5,13,.385,1,7,.143,1,1.000,5,1,12,3.3,-18
17,2019-11-27,WAS,1,38:06,10,20,.500,2,6,.333,5,1.000,8,1,27,21.5,-6
18,2019-11-29,DAL,1,37:45,6,16,.375,1,3,.333,5,1.000,8,2,18,14.3,-14
19,2019-12-02,CHO,1,38:23,7,15,.467,3,10,.300,7,.857,4,3,23,14.8,+8
20,2019-12-04,ORL,1,29:59,7,16,.438,2,5,.400,2,.500,5,2,17,9.8,-5
21,2019-12-05,NOP,1,42:27,13,23,.565,5,11,.455,13,1.000,9,4,44,38.0,+11
22,2019-12-07,HOU,1,37:11,11,19,.579,2,4,.500,16,.688,5,4,35,27.6,-5
23,2019-12-09,MIN,1,36:15,11,20,.550,3,7,.429,2,.500,7,1,26,19.8,+15
24,2019-12-11,MEM,1,39:17,6,17,.353,0,3,.000,4,.750,10,1,15,13.6,-15
28,2019-12-20,OKC,1,27:57,6,11,.545,0,2,.000,7,.857,3,3,18,11.8,-9
29,2019-12-21,HOU,1,33:31,6,16,.375,0,3,.000,7,1.000,9,2,19,13.3,-14
30,2019-12-23,DEN,1,34:21,3,12,.250,1,6,.167,4,1.000,6,5,11,6.3,-5
31,2019-12-27,GSW,1,37:36,13,24,.542,1,6,.167,8,.875,4,3,34,18.5,-10
32,2019-12-28,SAC,1,40:55,14,23,.609,0,4,.000,6,.667,10,3,32,26.8,+6
34,2020-01-01,LAL,1,37:14,11,23,.478,1,3,.333,10,.900,7,3,32,19.2,-13
35,2020-01-03,NYK,1,38:27,14,27,.519,2,5,.400,8,1.000,7,4,38,24.9,+7
36,2020-01-05,MEM,1,37:14,13,20,.650,1,5,.200,14,.929,6,2,40,32.8,+5
37,2020-01-07,SAC,1,39:23,12,21,.571,2,6,.333,8,1.000,7,2,34,28.8,0
38,2020-01-10,ORL,1,36:42,7,15,.467,4,8,.500,6,1.000,5,1,24,20.3,+7
39,2020-01-12,CHO,1,37:59,3,12,.250,1,6,.167,6,.833,9,4,12,5.0,+14
40,2020-01-14,ATL,1,34:07,12,23,.522,2,4,.500,13,1.000,3,4,39,30.1,-1
41,2020-01-16,NYK,1,27:55,9,17,.529,2,8,.250,11,.818,4,5,29,18.9,+31
42,2020-01-18,BOS,1,40:39,12,20,.600,1,4,.250,15,.933,9,4,39,35.1,+17
43,2020-01-20,SAS,1,38:44,13,23,.565,4,6,.667,7,1.000,5,3,37,25.9,+6
44,2020-01-22,IND,1,31:11,5,12,.417,0,3,.000,6,1.000,3,2,16,8.5,-24
45,2020-01-24,SAS,1,40:42,11,20,.550,3,7,.429,10,1.000,10,6,35,25.9,+6
46,2020-01-26,MEM,1,39:28,11,24,.458,5,11,.455,10,.900,5,3,36,22.8,-2
47,2020-01-28,DAL,1,30:44,12,20,.600,2,4,.500,8,.750,9,1,32,30.7,+36
48,2020-01-31,OKC,1,39:28,9,18,.500,1,5,.200,8,1.000,5,6,27,13.0,-15
49,2020-02-02,MIL,1,33:47,9,15,.600,2,5,.400,13,.923,6,1,32,25.6,-13
50,2020-02-03,BRK,1,31:37,3,15,.200,1,4,.250,5,.800,4,3,11,1.1,-22
51,2020-02-05,DET,1,41:50,8,16,.500,2,6,.333,5,.800,7,3,22,15.5,-4
52,2020-02-07,HOU,1,29:33,10,18,.556,4,8,.500,9,1.000,3,1,33,26.3,+26
53,2020-02-08,DEN,1,36:46,5,16,.313,3,8,.375,8,1.000,9,3,21,16.8,+1
54,2020-02-10,LAL,1,31:31,2,11,.182,0,4,.000,7,.857,5,3,10,3.2,-9
55,2020-02-12,GSW,1,37:15,8,22,.364,2,8,.250,9,1.000,8,0,27,19.6,+17
56,2020-02-21,TOR,1,34:08,8,18,.444,1,5,.200,4,1.000,8,0,21,18.7,-24
57,2020-02-22,CHI,1,38:27,9,21,.429,5,10,.500,6,1.000,5,2,29,18.1,+24
58,2020-02-24,UTA,1,34:19,8,18,.444,2,4,.500,7,.857,10,5,24,16.4,+13
59,2020-02-26,LAC,1,39:14,5,19,.263,1,8,.125,3,1.000,10,4,14,4.1,+2
60,2020-02-28,DET,1,39:51,10,17,.588,1,4,.250,7,.714,6,2,26,18.5,-3
61,2020-02-29,GSW,1,38:19,6,16,.375,4,7,.571,5,1.000,1,3,21,6.4,-22
62,2020-03-03,TOR,1,37:25,5,14,.357,2,8,.250,12,.833,10,5,22,17.6,-16
63,2020-03-06,POR,1,38:43,8,20,.400,3,9,.333,4,1.000,12,4,23,18.5,-3
64,2020-03-08,MIL,1,39:14,13,17,.765,4,6,.667,7,.857,8,4,36,31.2,+8
65,2020-03-10,POR,1,35:49,9,25,.360,2,7,.286,10,.900,9,3,29,17.6,-7
66,2020-07-31,WAS,1,35:54,8,21,.381,2,7,.286,9,1.000,4,4,27,14.2,+24
67,2020-08-02,DAL,1,31:08,10,20,.500,1,4,.250,10,.900,4,6,30,18.9,-8
68,2020-08-04,LAC,1,37:08,13,25,.520,6,9,.667,5,.600,8,3,35,25.5,0
69,2020-08-06,IND,1,29:18,6,12,.500,1,5,.200,7,1.000,10,5,20,16.9,+12
70,2020-08-08,MIA,1,35:27,15,26,.577,0,7,.000,5,1.000,6,3,35,26.7,-1
71,2020-08-10,OKC,1,29:17,9,17,.529,3,7,.429,14,1.000,4,1,35,28.0,+15
72,2020-08-11,PHI,1,40:52,11,24,.458,2,4,.500,12,.917,7,0,35,29.6,+14
73,2020-08-13,DAL,1,31:33,11,20,.550,0,5,.000,5,1.000,5,3,27,21.8,+30
1,2018-10-17,DAL,1,33:27,12,19,.632,6,10,.600,6,.833,7,4,35,27.6,+22
2,2018-10-20,DEN,1,36:27,5,15,.333,1,6,.167,17,.824,7,3,25,14.6,-24
3,2018-10-22,GSW,1,38:27,11,21,.524,3,9,.333,3,1.000,6,5,28,14.8,-5
4,2018-10-24,LAL,1,29:05,8,16,.500,2,6,.333,7,.714,7,3,23,16.0,-14
8,2018-11-02,TOR,1,35:33,8,20,.400,2,7,.286,1,.000,6,1,18,10.9,-6
9,2018-11-04,MEM,1,34:59,7,17,.412,2,8,.250,10,.900,7,5,25,14.4,+3
10,2018-11-06,BRK,1,36:23,6,21,.286,2,8,.250,6,1.000,2,4,20,8.1,-6
11,2018-11-08,BOS,1,42:39,15,30,.500,4,13,.308,5,.800,9,3,38,25.6,-2
12,2018-11-10,NOP,1,34:32,4,12,.333,2,5,.400,2,1.000,7,4,12,6.8,-10
13,2018-11-12,OKC,1,37:01,7,18,.389,1,4,.250,4,1.000,6,3,19,11.2,-32
14,2018-11-14,SAS,1,37:10,5,14,.357,2,6,.333,1,1.000,12,1,13,9.8,+20
15,2018-11-17,OKC,1,39:14,5,16,.313,3,8,.375,4,.750,12,5,16,13.0,-10
16,2018-11-19,PHI,1,36:27,13,28,.464,6,15,.400,7,.714,8,6,37,23.9,0
17,2018-11-21,CHI,1,33:34,9,20,.450,1,8,.125,4,1.000,6,5,23,12.4,-8
18,2018-11-23,MIL,1,39:20,13,26,.500,1,5,.200,2,1.000,7,4,29,20.5,+14
19,2018-11-25,DET,1,37:22,14,24,.583,3,9,.333,6,1.000,5,2,37,25.7,-4
20,2018-11-27,IND,1,36:21,7,21,.333,3,9,.333,6,.500,8,3,20,10.9,-4
21,2018-11-28,LAC,1,35:06,9,21,.429,1,6,.167,4,1.000,4,3,23,12.7,-20
30,2018-12-15,MIN,1,35:59,10,16,.625,3,6,.500,6,.833,7,2,28,24.6,+2
31,2018-12-17,NYK,1,37:16,11,23,.478,2,7,.286,15,.933,2,5,38,28.4,+10
32,2018-12-19,BOS,1,37:14,9,23,.391,3,8,.375,6,.667,8,2,25,15.2,-4
33,2018-12-22,WAS,1,54:36,12,28,.429,2,12,.167,8,.875,14,5,33,25.7,-1
34,2018-12-23,BRK,1,30:03,10,23,.435,1,4,.250,4,1.000,9,2,25,15.8,-4
35,2018-12-26,ORL,1,39:52,13,24,.542,5,8,.625,5,.800,8,3,35,27.2,-3
36,2018-12-28,OKC,1,32:55,8,22,.364,2,5,.400,8,.875,10,5,25,20.5,-6
37,2018-12-29,DEN,1,36:11,11,18,.611,1,5,.200,4,1.000,8,2,27,21.9,-4
38,2018-12-31,GSW,1,32:46,6,15,.400,2,5,.400,6,1.000,6,4,20,11.1,-21
39,2019-01-02,PHI,1,35:21,10,22,.455,2,7,.286,17,.882,8,4,37,26.8,-14
40,2019-01-04,LAC,1,37:06,8,14,.571,1,2,.500,11,.545,4,4,23,13.3,-16
46,2019-01-17,TOR,1,35:11,10,21,.476,4,9,.444,9,.667,8,3,30,17.1,+2
47,2019-01-19,CHO,1,37:32,10,23,.435,2,7,.286,12,.833,11,0,32,27.8,0
48,2019-01-20,MIN,1,32:57,7,15,.467,1,6,.167,4,.750,6,5,18,8.9,-11
49,2019-01-22,MIN,1,24:12,6,11,.545,0,1,.000,2,1.000,4,3,14,8.9,-20
50,2019-01-24,POR,1,30:15,9,20,.450,2,7,.286,8,.875,3,2,27,10.8,-31
51,2019-01-25,DEN,1,30:02,9,19,.474,2,4,.500,16,.938,2,2,35,22.7,-20
52,2019-01-27,LAL,1,36:18,9,18,.500,0,1,.000,3,1.000,6,3,21,13.0,-11
53,2019-01-29,SAS,1,40:17,14,19,.737,3,6,.500,7,1.000,7,1,38,32.3,0
54,2019-02-02,ATL,1,42:44,13,27,.481,4,10,.400,3,.667,10,2,32,23.9,+5
55,2019-02-04,HOU,1,32:38,7,12,.583,0,2,.000,7,.714,5,4,19,17.4,-21
58,2019-02-10,SAC,1,35:22,9,19,.474,3,5,.600,7,.857,6,5,27,16.9,-15
59,2019-02-13,LAC,1,32:48,2,10,.200,0,3,.000,6,1.000,5,3,10,7.0,-15
60,2019-02-21,CLE,1,37:57,10,20,.500,3,9,.333,9,.778,7,4,30,14.8,-12
61,2019-02-23,ATL,1,36:06,8,23,.348,2,6,.333,8,1.000,8,3,26,18.3,-14
62,2019-02-25,MIA,1,32:49,6,16,.375,3,9,.333,5,1.000,9,5,20,13.1,+3
63,2019-03-01,NOP,1,33:33,6,17,.353,1,5,.200,14,.929,7,2,26,17.8,-12
64,2019-03-02,LAL,1,39:46,8,18,.444,0,5,.000,9,1.000,4,2,25,15.8,+13
65,2019-03-04,MIL,1,39:13,8,18,.444,2,4,.500,4,1.000,7,3,22,15.2,+15
66,2019-03-06,NYK,1,33:56,14,23,.609,6,10,.600,7,1.000,4,4,41,31.3,+17
67,2019-03-09,POR,1,30:35,7,19,.368,1,4,.250,8,1.000,5,3,23,13.4,-6
68,2019-03-10,GSW,1,40:36,13,23,.565,2,6,.333,9,1.000,11,3,37,32.4,+12
69,2019-03-13,UTA,1,35:36,9,20,.450,2,4,.500,9,.778,6,2,27,17.1,-8
70,2019-03-15,HOU,1,37:09,9,22,.409,1,7,.143,11,.909,7,1,29,18.2,-1
71,2019-03-16,NOP,1,41:09,12,26,.462,3,8,.375,18,.722,13,3,40,28.1,+3
72,2019-03-18,CHI,1,40:24,9,24,.375,1,8,.125,10,.600,7,4,25,13.3,-15
73,2019-03-21,DET,1,32:20,8,17,.471,2,5,.400,10,.800,2,3,26,16.2,-15
74,2019-03-23,SAC,1,39:02,10,27,.370,2,11,.182,10,1.000,10,0,32,23.7,-5
75,2019-03-25,UTA,1,41:06,19,34,.559,5,8,.625,17,.941,4,5,59,39.8,-13
76,2019-03-27,WAS,1,36:54,19,29,.655,3,9,.333,10,.900,4,3,50,39.0,+8
77,2019-03-30,MEM,1,42:44,19,29,.655,3,6,.500,8,.875,11,3,48,36.7,+1
78,2019-04-01,CLE,1,35:05,8,18,.444,2,9,.222,7,1.000,13,3,25,18.4,-6
79,2019-04-03,UTA,1,7:32,3,4,.750,0,1,.000,2,1.000,1,1,8,6.7,+9
2,2017-10-20,LAL,1,39:44,9,19,.474,4,8,.500,5,.600,8,2,25,18.6,-10
3,2017-10-21,LAC,1,31:47,5,14,.357,0,4,.000,4,.750,2,1,13,5.4,-21
4,2017-10-23,SAC,1,28:50,8,16,.500,2,7,.286,4,1.000,5,3,22,16.5,+8
5,2017-10-25,UTA,1,32:56,7,19,.368,2,4,.500,1,1.000,3,3,17,8.4,+5
6,2017-10-28,POR,1,34:20,11,19,.579,4,7,.571,9,.889,6,3,34,25.5,+5
7,2017-10-31,BRK,1,35:28,11,22,.500,5,8,.625,5,1.000,4,3,32,20.7,+3
8,2017-11-01,WAS,1,33:45,7,15,.467,3,7,.429,5,1.000,5,2,22,18.3,-3
9,2017-11-03,NYK,1,33:21,10,19,.526,2,7,.286,12,1.000,1,5,34,23.0,-2
10,2017-11-05,SAS,1,26:13,3,11,.273,1,5,.200,2,1.000,2,1,9,0.4,-27
11,2017-11-06,BRK,1,34:44,6,15,.400,1,4,.250,5,1.000,1,6,18,7.2,+3
12,2017-11-08,MIA,1,37:17,9,23,.391,1,6,.167,13,.846,6,3,30,21.6,-10
13,2017-11-10,ORL,1,33:39,3,10,.300,0,3,.000,3,1.000,5,3,9,5.7,-8
14,2017-11-11,MIN,1,38:39,13,22,.591,5,9,.556,5,.800,6,5,35,26.3,+16
15,2017-11-13,LAL,1,37:42,14,27,.519,4,9,.444,6,.667,3,4,36,20.7,+10
16,2017-11-16,HOU,1,30:18,7,16,.438,2,5,.400,4,.500,10,4,18,9.8,-23
17,2017-11-17,LAL,1,33:10,13,27,.481,6,14,.429,3,.333,4,4,33,16.6,+6
18,2017-11-19,CHI,1,32:01,5,15,.333,2,8,.250,3,1.000,6,1,15,10.6,-3
19,2017-11-22,MIL,1,39:38,8,24,.333,2,6,.333,5,1.000,4,5,23,11.3,-9
20,2017-11-24,NOP,1,32:48,4,13,.308,0,5,.000,5,1.000,1,1,13,1.7,-17
22,2017-11-28,CHI,1,33:10,10,23,.435,5,9,.556,10,.800,4,0,33,24.0,-5
23,2017-11-29,DET,1,27:12,7,8,.875,2,3,.667,6,1.000,0,3,22,13.2,-19
24,2017-12-02,BOS,1,39:13,16,29,.552,3,8,.375,3,1.000,5,6,38,23.8,-2
25,2017-12-04,PHI,1,38:52,17,32,.531,5,8,.625,8,.875,1,1,46,33.6,+10
26,2017-12-05,TOR,1,39:16,4,15,.267,1,5,.200,12,.833,8,4,19,16.5,+2
36,2017-12-26,MEM,1,33:58,9,21,.429,3,9,.333,12,.917,6,6,32,19.8,+10
37,2017-12-29,SAC,1,31:51,9,25,.360,3,9,.333,7,.714,3,4,26,12.7,+5
38,2017-12-31,PHI,1,39:24,8,22,.364,5,10,.500,12,.917,6,4,32,17.5,-1
39,2018-01-02,ATL,1,41:47,9,17,.529,2,3,.667,15,.933,7,1,34,26.3,+10
40,2018-01-03,DEN,1,29:40,4,13,.308,2,7,.286,8,.875,5,3,17,10.0,-20
41,2018-01-05,SAS,1,34:41,8,17,.471,3,6,.500,2,1.000,4,4,21,10.0,-16
42,2018-01-07,OKC,1,30:32,6,17,.353,5,10,.500,12,.750,4,4,26,13.1,-1
43,2018-01-12,HOU,1,37:12,9,18,.500,3,8,.375,6,1.000,9,2,27,18.3,-18
44,2018-01-14,IND,1,33:01,5,16,.313,1,6,.167,4,1.000,7,4,15,8.6,-18
45,2018-01-16,POR,1,41:05,14,29,.483,5,12,.417,10,1.000,8,1,43,34.0,-6
46,2018-01-19,DEN,1,34:40,11,23,.478,4,11,.364,4,1.000,5,2,30,21.2,+7
47,2018-01-22,MIL,1,36:07,2,14,.143,1,6,.167,9,1.000,8,4,14,8.2,-7
48,2018-01-24,IND,1,25:58,5,16,.313,0,4,.000,9,1.000,4,1,19,11.8,-33
49,2018-01-26,NYK,1,25:10,4,12,.333,2,3,.667,2,1.000,3,2,12,6.1,-24
50,2018-01-28,HOU,1,41:06,12,23,.522,5,9,.556,2,1.000,10,3,31,23.4,-14
52,2018-01-31,DAL,1,32:23,5,14,.357,2,7,.286,3,1.000,4,4,15,6.0,+7
53,2018-02-02,UTA,1,32:27,7,24,.292,0,7,.000,4,1.000,6,4,18,6.3,-30
59,2018-02-14,UTA,1,36:20,8,20,.400,6,14,.429,9,.667,3,2,28,16.8,-10
60,2018-02-23,LAC,1,37:26,7,20,.350,2,9,.222,13,.846,4,3,27,13.3,-3
61,2018-02-24,POR,1,39:20,11,28,.393,5,10,.500,3,1.000,3,5,30,15.8,-11
62,2018-02-26,NOP,1,40:41,14,28,.500,3,10,.300,11,.818,7,4,40,29.5,-3
63,2018-02-28,MEM,1,39:01,12,29,.414,1,6,.167,10,.900,1,4,34,20.8,+10
64,2018-03-02,OKC,1,38:31,16,28,.571,6,10,.600,1,1.000,8,2,39,28.5,+1
65,2018-03-04,ATL,1,33:41,8,18,.444,3,6,.500,3,.333,3,3,20,7.0,0
66,2018-03-05,MIA,1,33:18,12,22,.545,4,9,.444,6,.500,5,4,31,18.7,-17
67,2018-03-08,OKC,1,35:20,10,22,.455,4,9,.444,6,1.000,1,4,30,17.5,-19
69,2018-03-13,CLE,1,33:59,7,16,.438,0,3,.000,3,1.000,6,3,17,8.9,-27
70,2018-03-15,UTA,1,34:15,3,18,.167,1,4,.250,5,1.000,2,3,12,-1.7,-15
1,2016-10-26,SAC,1,24:33,8,12,.667,0,3,.000,5,.400,3,5,18,8.3,-5
2,2016-10-28,OKC,1,43:53,8,25,.320,2,8,.250,5,.600,1,3,21,7.0,-1
5,2016-11-02,POR,1,38:31,6,15,.400,1,2,.500,4,.500,2,3,15,7.2,+8
6,2016-11-04,NOP,1,41:27,13,22,.591,3,7,.429,9,1.000,3,6,38,22.7,+2
7,2016-11-06,LAL,1,45:15,13,29,.448,3,7,.429,10,1.000,7,3,39,26.9,-4
8,2016-11-08,POR,1,31:10,8,18,.444,2,6,.333,5,1.000,0,3,23,11.4,-9
9,2016-11-09,DET,1,33:29,3,9,.333,1,5,.200,5,.800,4,2,11,7.5,+10
10,2016-11-12,BRK,1,32:01,5,18,.278,0,4,.000,1,1.000,3,2,11,4.9,-12
11,2016-11-13,GSW,1,32:15,6,18,.333,1,5,.200,6,1.000,3,1,19,13.8,-18
12,2016-11-16,DEN,1,37:28,10,18,.556,2,3,.667,3,.667,2,4,24,13.4,-16
13,2016-11-18,IND,1,22:51,4,11,.364,1,5,.200,4,1.000,3,3,13,8.1,+11
14,2016-11-19,PHI,1,17:38,4,13,.308,0,2,.000,3,.667,0,0,10,-0.6,-18
16,2016-11-23,ORL,1,33:57,4,10,.400,1,3,.333,2,1.000,1,4,11,7.3,+3
17,2016-11-25,MIN,1,33:03,4,10,.400,1,3,.333,2,1.000,2,3,11,5.1,-12
18,2016-11-27,DEN,1,35:43,11,27,.407,4,10,.400,5,.800,4,5,30,16.8,+14
19,2016-11-30,ATL,1,32:32,5,13,.385,1,2,.500,6,.333,4,2,13,6.6,+2
20,2016-12-03,GSW,1,32:36,8,17,.471,1,5,.200,5,.800,5,4,21,12.5,-5
21,2016-12-06,UTA,1,26:08,9,13,.692,1,3,.333,3,.667,1,1,21,13.0,-25
22,2016-12-07,IND,1,30:39,4,13,.308,2,6,.333,4,.750,5,5,13,4.9,-3
23,2016-12-09,LAL,1,28:09,6,17,.353,1,6,.167,2,1.000,4,6,15,5.2,+11
24,2016-12-11,NOP,1,38:11,6,15,.400,2,8,.250,3,.667,5,1,16,9.1,+7
25,2016-12-13,NYK,1,35:45,3,16,.188,1,5,.200,5,1.000,0,2,12,1.2,+7
26,2016-12-15,SAS,1,36:08,6,19,.316,2,6,.333,4,.750,5,4,17,7.2,-18
27,2016-12-17,OKC,1,33:23,11,22,.500,3,5,.600,7,.857,5,3,31,18.2,-13
28,2016-12-19,MIN,1,28:33,6,15,.400,1,5,.200,6,.833,3,2,18,10.5,-3
29,2016-12-21,HOU,1,35:52,11,25,.440,2,4,.500,5,.800,7,3,28,19.8,-5
30,2016-12-23,PHI,1,38:16,8,18,.444,4,9,.444,3,1.000,6,3,23,16.4,+12
31,2016-12-26,HOU,1,27:32,6,18,.333,1,5,.200,3,1.000,4,6,16,7.2,-17
32,2016-12-28,SAS,1,28:57,2,13,.154,0,2,.000,4,1.000,4,4,8,0.8,-15
33,2016-12-29,TOR,1,37:55,6,19,.316,1,4,.250,7,.857,5,3,19,11.5,+12
34,2016-12-31,UTA,1,35:32,9,19,.474,1,3,.333,1,1.000,1,2,20,13.1,-6
35,2017-01-02,LAC,1,33:10,4,15,.267,1,5,.200,6,.667,2,5,13,2.0,+5
36,2017-01-03,MIA,1,35:12,9,19,.474,3,6,.500,7,.857,4,3,27,14.5,+9
37,2017-01-05,DAL,1,35:50,9,17,.529,3,3,1.000,1,1.000,0,2,22,10.2,+5
38,2017-01-08,CLE,1,45:06,12,24,.500,2,7,.286,4,.500,4,2,28,19.9,+2
39,2017-01-12,DAL,1,37:13,14,20,.700,6,7,.857,7,.714,3,4,39,24.6,-3
40,2017-01-14,SAS,1,37:03,12,22,.545,3,5,.600,12,1.000,2,4,39,26.6,+10
41,2017-01-16,UTA,1,46:02,10,22,.455,1,5,.200,4,1.000,1,3,25,10.1,-4
42,2017-01-19,CLE,1,36:59,4,13,.308,0,4,.000,14,.929,8,3,21,16.0,-8
43,2017-01-21,NYK,1,37:12,10,21,.476,3,4,.750,3,1.000,2,4,26,12.5,-1
44,2017-01-22,TOR,1,37:29,6,14,.429,5,8,.625,4,.750,2,5,20,12.8,+12
45,2017-01-24,MIN,1,43:17,9,23,.391,4,7,.571,4,1.000,4,3,26,11.7,-2
46,2017-01-26,DEN,1,33:10,9,17,.529,1,6,.167,6,.833,6,2,24,14.7,-19
47,2017-01-28,DEN,1,34:52,8,16,.500,0,2,.000,11,.636,2,5,23,13.1,+19
48,2017-01-30,MEM,1,38:31,6,20,.300,0,3,.000,12,.833,2,1,22,11.2,-11
49,2017-02-01,LAC,1,34:47,7,19,.368,1,3,.333,5,1.000,6,3,20,14.2,-10
50,2017-02-03,SAC,1,40:51,11,24,.458,4,8,.500,10,.700,2,4,33,21.5,+7
51,2017-02-04,MIL,1,37:42,9,19,.474,5,8,.625,8,1.000,4,5,31,18.4,-16
52,2017-02-06,NOP,1,36:53,5,20,.250,1,8,.125,4,.750,5,4,14,3.5,-7
53,2017-02-08,MEM,1,31:38,6,13,.462,0,3,.000,10,.800,3,3,20,10.7,-22
54,2017-02-10,CHI,1,32:59,10,19,.526,2,4,.500,6,.833,4,1,27,21.4,+19
55,2017-02-11,HOU,1,26:01,6,18,.333,1,3,.333,6,.833,2,3,18,5.9,-29
56,2017-02-13,NOP,1,36:14,9,19,.474,2,6,.333,1,1.000,3,4,21,8.8,+2
57,2017-02-15,LAL,1,29:54,9,14,.643,4,7,.571,2,.500,1,3,23,15.2,+29
58,2017-02-24,CHI,1,40:41,10,21,.476,2,4,.500,8,.625,2,4,27,13.8,-11
59,2017-02-26,MIL,1,34:46,5,11,.455,2,3,.667,4,.750,3,3,15,9.0,+6
60,2017-02-28,MEM,1,35:31,3,11,.273,2,5,.400,1,1.000,1,2,9,2.0,-11
61,2017-03-02,CHO,1,30:09,5,12,.417,1,4,.250,5,.800,9,3,15,10.1,+7
62,2017-03-03,OKC,1,33:29,5,13,.385,2,7,.286,6,.833,3,2,17,7.6,-2
63,2017-03-05,BOS,1,27:23,5,10,.500,1,3,.333,6,.833,0,5,16,10.1,+8
64,2017-03-07,WAS,1,37:36,8,18,.444,4,7,.571,6,.833,6,2,25,14.2,+5
65,2017-03-09,LAL,1,37:59,10,21,.476,1,4,.250,2,1.000,3,2,23,12.8,-3
66,2017-03-11,DAL,1,34:30,12,20,.600,2,5,.400,10,1.000,2,2,36,28.3,+15
68,2017-03-15,SAC,1,39:36,6,26,.231,3,9,.333,4,1.000,2,2,19,4.1,-7
69,2017-03-17,ORL,1,30:20,3,13,.231,0,2,.000,4,1.000,3,2,10,3.6,+6
71,2017-03-21,MIA,1,34:08,4,16,.250,0,4,.000,4,.750,5,3,11,-0.7,-29
72,2017-03-23,BRK,1,39:59,9,26,.346,3,9,.333,8,.875,0,6,28,11.2,-21
73,2017-03-24,BOS,1,44:58,21,40,.525,4,11,.364,26,.923,6,3,70,54.5,-6
74,2017-03-26,CHO,1,35:05,7,17,.412,2,5,.400,7,1.000,5,3,23,14.5,-32
76,2017-03-30,LAC,1,37:18,13,22,.591,4,7,.571,6,.500,9,6,33,24.1,-2
77,2017-04-01,POR,1,42:05,10,25,.400,0,4,.000,14,.786,7,2,31,17.7,-6
78,2017-04-02,HOU,1,39:29,7,22,.318,1,6,.167,12,1.000,9,4,27,13.6,-3
79,2017-04-05,GSW,1,41:44,7,24,.292,2,7,.286,7,.714,5,3,21,10.8,-10
80,2017-04-07,OKC,1,37:40,13,29,.448,5,9,.556,8,.750,4,3,37,24.2,+20
81,2017-04-09,DAL,1,22:44,8,15,.533,1,4,.250,5,.800,3,1,21,13.6,+13
1,2015-10-28,DAL,0,21:20,6,7,.857,1,2,.500,3,.333,0,2,14,11.8,+4
13,2015-11-22,NOP,0,16:25,5,8,.625,1,1,1.000,4,1.000,0,1,15,12.6,-3
16,2015-11-27,GSW,0,24:43,2,5,.400,0,1,.000,4,.500,0,3,6,1.3,-2
19,2015-12-02,DET,0,22:50,5,6,.833,3,3,1.000,5,1.000,1,5,18,14.8,+4
25,2015-12-13,MIN,0,14:24,1,5,.200,0,1,.000,2,1.000,1,3,4,0.1,+1
29,2015-12-20,MIL,0,18:01,1,5,.200,0,3,.000,5,1.000,2,1,7,7.5,-1
32,2015-12-26,PHI,0,19:46,6,11,.545,3,4,.750,7,.571,0,4,19,11.6,+13
34,2015-12-30,SAS,1,23:55,4,10,.400,0,1,.000,2,.500,0,2,9,1.3,-9
35,2015-12-31,OKC,1,39:01,4,11,.364,0,1,.000,4,1.000,5,3,12,4.5,-1
36,2016-01-02,SAC,1,41:42,6,10,.600,2,5,.400,8,.875,3,2,21,20.6,-14
37,2016-01-03,LAL,1,22:07,5,13,.385,0,3,.000,1,.000,1,3,10,2.2,-30
39,2016-01-08,MIA,1,37:20,6,17,.353,1,7,.143,4,.750,2,5,16,7.1,-2
40,2016-01-12,IND,1,29:03,8,12,.667,1,2,.500,3,.667,2,5,19,10.5,-10
41,2016-01-15,BOS,1,24:27,2,9,.222,0,4,.000,6,.833,0,3,9,0.8,+4
43,2016-01-19,IND,1,39:31,9,16,.563,6,11,.545,8,1.000,2,3,32,20.6,-7
44,2016-01-21,SAS,1,43:31,8,16,.500,2,6,.333,7,.857,5,4,24,16.8,-23
46,2016-01-26,PHI,1,36:15,5,15,.333,1,3,.333,2,.500,7,5,12,7.2,-6
47,2016-01-27,CLE,1,33:31,4,9,.444,1,4,.250,8,.875,5,4,16,12.5,-25
48,2016-01-29,NYK,1,26:35,8,15,.533,3,6,.500,3,.667,3,5,21,12.4,-16
49,2016-01-31,DAL,1,41:13,6,15,.400,2,6,.333,5,1.000,4,6,19,10.1,-6
50,2016-02-02,TOR,1,37:29,9,19,.474,6,14,.429,4,.750,0,4,27,14.8,+3
51,2016-02-04,HOU,1,41:02,3,12,.250,2,5,.400,10,.900,4,2,17,8.3,-5
52,2016-02-06,UTA,1,33:52,6,14,.429,2,5,.400,4,1.000,1,5,18,10.2,-12
53,2016-02-08,OKC,1,28:54,1,8,.125,0,3,.000,4,1.000,4,6,6,-0.2,-10
54,2016-02-10,GSW,1,41:35,5,11,.455,1,4,.250,6,.667,10,2,15,11.8,-7
55,2016-02-19,HOU,1,30:54,3,11,.273,2,7,.286,2,1.000,1,1,10,4.5,-37
56,2016-02-21,SAS,1,24:01,3,9,.333,1,2,.500,3,1.000,6,4,10,8.1,-1
58,2016-02-25,BRK,1,30:07,3,12,.250,1,3,.333,6,.833,2,4,12,4.5,-18
59,2016-02-27,MEM,1,37:50,6,16,.375,2,9,.222,2,.500,2,6,15,4.8,+17
60,2016-03-01,CHO,1,34:28,4,16,.250,1,4,.250,5,.800,1,3,13,2.5,-39
61,2016-03-03,MIA,1,39:23,11,21,.524,3,7,.429,9,1.000,4,4,34,21.8,-8
63,2016-03-06,MEM,1,42:49,8,17,.471,4,11,.364,7,1.000,9,2,27,23.1,+9
64,2016-03-09,NYK,1,38:56,14,28,.500,3,8,.375,2,.500,1,2,32,15.8,-25
65,2016-03-10,DEN,1,44:05,12,24,.500,1,5,.200,11,.909,5,3,35,22.5,-16
66,2016-03-12,GSW,1,37:23,7,19,.368,0,5,.000,5,.800,11,5,18,13.5,-9
67,2016-03-14,MIN,1,42:31,6,14,.429,1,4,.250,3,1.000,6,5,16,5.7,+16
69,2016-03-18,LAL,1,35:50,5,18,.278,1,5,.200,10,1.000,7,4,21,14.6,+9
70,2016-03-21,MEM,1,32:51,5,13,.385,2,8,.250,8,.750,2,5,18,9.1,-21
71,2016-03-23,LAL,1,41:05,12,22,.545,1,4,.250,4,.750,7,4,28,20.9,+22
72,2016-03-25,SAC,1,34:04,11,21,.524,2,8,.250,4,.500,4,3,26,11.7,-16
73,2016-03-26,BOS,1,33:34,8,20,.400,1,4,.250,4,1.000,4,4,21,12.0,+9
74,2016-03-28,MIN,1,43:16,10,22,.455,2,4,.500,9,.889,5,4,30,17.7,-4
76,2016-04-01,WAS,1,34:39,6,22,.273,1,5,.200,2,.500,0,3,14,-1.3,-5
77,2016-04-03,UTA,1,40:37,5,15,.333,2,5,.400,2,1.000,7,3,14,8.5,-11
78,2016-04-05,ATL,1,38:40,12,25,.480,4,9,.444,10,.600,2,4,34,21.0,-9
79,2016-04-07,HOU,1,37:51,4,15,.267,1,6,.167,6,1.000,4,4,15,4.0,+3
80,2016-04-09,NOP,1,26:56,7,11,.636,1,3,.333,1,1.000,5,4,16,13.3,+17
81,2016-04-11,SAC,1,32:54,8,20,.400,0,5,.000,6,1.000,4,5,22,11.3,+4
82,2016-04-13,LAC,1,26:42,4,14,.286,2,5,.400,2,1.000,2,2,12,1.7,+13
1,2023-04-16,LAC,1,43:20,10,19,0.526,0,3,0.0,8,0.75,3,3,26,18.6,-6
2,2023-04-18,LAC,1,44:48,14,22,0.636,4,7,0.571,6,1.0,9,4,38,31.2,15
3,2023-04-20,LAC,1,44:31,18,29,0.621,3,7,0.429,7,0.857,3,2,45,39.4,3
4,2023-04-22,LAC,1,41:27,10,21,0.476,3,6,0.5,8,0.875,7,1,30,26.3,5
5,2023-04-25,LAC,1,41:39,19,27,0.704,4,7,0.571,6,0.833,10,4,47,42.9,11
6,2023-04-29,DEN,1,40:06,10,19,0.526,0,1,0.0,8,0.875,8,1,27,23.9,-18
7,2023-05-01,DEN,1,44:40,14,29,0.483,4,8,0.5,3,1.0,6,4,35,22.4,-7
8,2023-05-05,DEN,1,41:37,20,25,0.8,5,8,0.625,2,1.0,9,5,47,44.3,7
9,2023-05-07,DEN,1,40:29,14,18,0.778,3,4,0.75,6,0.833,12,5,36,34.0,-1
10,2023-05-09,DEN,1,40:31,8,19,0.421,4,7,0.571,9,0.889,4,4,28,18.5,-19
11,2023-05-11,DEN,1,35:32,4,13,0.308,1,3,0.333,4,0.75,8,4,12,8.1,-27
1,2022-04-17,NOP,1,40:37,8,19,.421,4,8,.500,6,.833,8,2,25,20.5,+7
6,2022-04-28,NOP,1,32:14,5,12,.417,1,6,.167,2,1.000,3,0,13,8.2,+9
7,2022-05-02,DAL,1,38:13,7,20,.350,1,5,.200,8,1.000,8,1,23,20.6,+6
8,2022-05-04,DAL,1,35:32,11,19,.579,5,8,.625,3,1.000,4,4,30,22.6,+21
9,2022-05-06,DAL,1,40:02,6,13,.462,4,6,.667,4,.500,6,1,18,9.9,-12
10,2022-05-08,DAL,1,43:19,10,22,.455,3,6,.500,13,.923,7,4,35,23.8,-12
11,2022-05-10,DAL,1,35:12,11,20,.550,3,7,.429,4,.750,2,3,28,20.7,+25
12,2022-05-12,DAL,1,39:00,6,17,.353,0,4,.000,7,1.000,3,4,19,6.9,-19
13,2022-05-15,DAL,1,36:59,3,14,.214,0,4,.000,6,.833,2,3,11,0.5,-41
1,2021-05-23,LAL,1,45:11,13,26,0.5,3,7,0.429,6,0.833,8,4,34,22.1,9
2,2021-05-25,LAL,1,40:07,7,17,0.412,0,3,0.0,17,1.0,3,3,31,19.1,-16
3,2021-05-27,LAL,1,41:21,6,19,0.316,1,4,0.25,7,0.857,6,6,19,7.1,-7
4,2021-05-30,LAL,1,39:18,5,14,0.357,1,5,0.2,7,0.857,5,3,17,10.0,12
5,2021-06-01,LAL,1,33:09,13,23,0.565,2,6,0.333,2,1.0,5,3,30,23.5,22
6,2021-06-03,LAL,1,45:59,15,22,0.682,8,10,0.8,9,1.0,3,2,47,39.9,10
7,2021-06-07,DEN,1,38:22,8,12,0.667,1,4,0.25,6,0.667,8,3,21,16.6,12
8,2021-06-09,DEN,1,33:04,6,14,0.429,3,7,0.429,3,1.0,2,1,18,13.6,16
9,2021-06-11,DEN,1,40:27,11,23,0.478,2,7,0.286,4,1.0,4,3,28,17.1,19
10,2021-06-13,DEN,1,41:53,11,25,0.44,2,8,0.25,11,0.909,4,3,34,24.2,10
11,2021-06-20,LAC,1,43:56,15,29,0.517,3,7,0.429,7,1.0,11,3,40,34.5,6
12,2021-06-22,LAC,1,40:52,5,16,0.313,1,3,0.333,9,1.0,5,5,20,5.5,4
13,2021-06-24,LAC,1,40:05,5,21,0.238,1,7,0.143,4,1.0,5,4,15,3.1,-15
14,2021-06-26,LAC,1,38:17,8,22,0.364,0,5,0.0,11,0.818,0,6,25,7.2,5
15,2021-06-28,LAC,1,43:04,9,22,0.409,4,6,0.667,11,0.818,3,2,31,19.9,-10
16,2021-06-30,LAC,1,42:04,10,26,0.385,1,7,0.143,1,1.0,4,2,22,10.6,23
17,2021-07-06,MIL,1,41:53,8,21,0.381,1,8,0.125,10,1.0,6,3,27,19.1,18
19,2021-07-11,MIL,1,29:07,3,14,0.214,1,7,0.143,5,0.6,2,2,10,2.8,-13
20,2021-07-14,MIL,1,38:30,17,28,0.607,0,3,0.0,9,0.889,2,5,42,25.6,0
21,2021-07-17,MIL,1,41:32,17,33,0.515,2,4,0.5,5,0.8,3,5,40,25.7,12
22,2021-07-20,MIL,1,46:15,8,22,0.364,0,7,0.0,3,1.0,5,4,19,3.6,-15
